month_label,product_code,product_name,family,holders,customers,penetration,penetration_ci_lower,penetration_ci_upper
2015-01,ind_ahor_fin_ult1,Saving account,savings,88,625457,0.000141,0.000114,0.000173
2015-01,ind_aval_fin_ult1,Guarantees,other,19,625457,0.000030,0.000019,0.000047
2015-01,ind_cco_fin_ult1,Current account,core,487855,625457,0.779998,0.778969,0.781023
2015-01,ind_cder_fin_ult1,Derivatives account,investment,301,625457,0.000481,0.000430,0.000539
2015-01,ind_cno_fin_ult1,Payroll account,core,58763,625457,0.093952,0.093232,0.094678
2015-01,ind_ctju_fin_ult1,Junior account,core,7757,625457,0.012402,0.012131,0.012679
2015-01,ind_ctma_fin_ult1,Mas particular account,core,8418,625457,0.013459,0.013176,0.013748
2015-01,ind_ctop_fin_ult1,Particular account,core,106471,625457,0.170229,0.169300,0.171163
2015-01,ind_ctpp_fin_ult1,Particular plus account,core,36195,625457,0.057870,0.057294,0.058451
2015-01,ind_deco_fin_ult1,Short-term deposit,savings,1513,625457,0.002419,0.002300,0.002544
2015-01,ind_deme_fin_ult1,Medium-term deposit,savings,1620,625457,0.002590,0.002467,0.002719
2015-01,ind_dela_fin_ult1,Long-term deposit,savings,36010,625457,0.057574,0.056999,0.058154
2015-01,ind_ecue_fin_ult1,E-account,digital,60381,625457,0.096539,0.095810,0.097273
2015-01,ind_fond_fin_ult1,Funds,investment,13865,625457,0.022168,0.021806,0.022536
2015-01,ind_hip_fin_ult1,Mortgage,lending,5007,625457,0.008005,0.007787,0.008229
2015-01,ind_plan_fin_ult1,Pension plan,investment,7430,625457,0.011879,0.011614,0.012151
2015-01,ind_pres_fin_ult1,Loan,lending,2349,625457,0.003756,0.003607,0.003910
2015-01,ind_reca_fin_ult1,Taxes,services,38288,625457,0.061216,0.060625,0.061813
2015-01,ind_tjcr_fin_ult1,Credit card,card,35613,625457,0.056939,0.056368,0.057516
2015-01,ind_valo_fin_ult1,Securities,investment,20263,625457,0.032397,0.031961,0.032839
2015-01,ind_viv_fin_ult1,Home account,savings,3234,625457,0.005171,0.004996,0.005351
2015-01,ind_nomina_ult1,Payroll,services,38995,625457,0.062346,0.061750,0.062948
2015-01,ind_nom_pens_ult1,Pension payments,services,43331,625457,0.069279,0.068652,0.069911
2015-01,ind_recibo_ult1,Direct debit,services,95601,625457,0.152850,0.151960,0.153744
2015-02,ind_ahor_fin_ult1,Saving account,savings,89,627394,0.000142,0.000115,0.000175
2015-02,ind_aval_fin_ult1,Guarantees,other,20,627394,0.000032,0.000021,0.000049
2015-02,ind_cco_fin_ult1,Current account,core,488658,627394,0.778869,0.777841,0.779895
2015-02,ind_cder_fin_ult1,Derivatives account,investment,301,627394,0.000480,0.000429,0.000537
2015-02,ind_cno_fin_ult1,Payroll account,core,60028,627394,0.095678,0.094953,0.096409
2015-02,ind_ctju_fin_ult1,Junior account,core,7690,627394,0.012257,0.011988,0.012532
2015-02,ind_ctma_fin_ult1,Mas particular account,core,8228,627394,0.013115,0.012836,0.013399
2015-02,ind_ctop_fin_ult1,Particular account,core,106043,627394,0.169021,0.168096,0.169951
2015-02,ind_ctpp_fin_ult1,Particular plus account,core,36040,627394,0.057444,0.056871,0.058022
2015-02,ind_deco_fin_ult1,Short-term deposit,savings,2055,627394,0.003275,0.003137,0.003420
2015-02,ind_deme_fin_ult1,Medium-term deposit,savings,1596,627394,0.002544,0.002422,0.002672
2015-02,ind_dela_fin_ult1,Long-term deposit,savings,35621,627394,0.056776,0.056206,0.057351
2015-02,ind_ecue_fin_ult1,E-account,digital,61080,627394,0.097355,0.096624,0.098091
2015-02,ind_fond_fin_ult1,Funds,investment,14160,627394,0.022570,0.022205,0.022940
2015-02,ind_hip_fin_ult1,Mortgage,lending,4998,627394,0.007966,0.007749,0.008189
2015-02,ind_plan_fin_ult1,Pension plan,investment,7407,627394,0.011806,0.011542,0.012076
2015-02,ind_pres_fin_ult1,Loan,lending,2344,627394,0.003736,0.003588,0.003890
2015-02,ind_reca_fin_ult1,Taxes,services,38507,627394,0.061376,0.060785,0.061973
2015-02,ind_tjcr_fin_ult1,Credit card,card,34352,627394,0.054753,0.054193,0.055319
2015-02,ind_valo_fin_ult1,Securities,investment,20198,627394,0.032193,0.031760,0.032633
2015-02,ind_viv_fin_ult1,Home account,savings,3219,627394,0.005131,0.004957,0.005311
2015-02,ind_nomina_ult1,Payroll,services,40746,627394,0.064945,0.064338,0.065557
2015-02,ind_nom_pens_ult1,Pension payments,services,44810,627394,0.071422,0.070788,0.072062
2015-02,ind_recibo_ult1,Direct debit,services,94543,627394,0.150692,0.149809,0.151579
2015-03,ind_ahor_fin_ult1,Saving account,savings,89,629209,0.000141,0.000115,0.000174
2015-03,ind_aval_fin_ult1,Guarantees,other,21,629209,0.000033,0.000022,0.000051
2015-03,ind_cco_fin_ult1,Current account,core,489074,629209,0.777284,0.776254,0.778310
2015-03,ind_cder_fin_ult1,Derivatives account,investment,315,629209,0.000501,0.000448,0.000559
2015-03,ind_cno_fin_ult1,Payroll account,core,60929,629209,0.096834,0.096106,0.097567
2015-03,ind_ctju_fin_ult1,Junior account,core,7674,629209,0.012196,0.011928,0.012470
2015-03,ind_ctma_fin_ult1,Mas particular account,core,7875,629209,0.012516,0.012244,0.012793
2015-03,ind_ctop_fin_ult1,Particular account,core,105688,629209,0.167970,0.167048,0.168895
2015-03,ind_ctpp_fin_ult1,Particular plus account,core,35847,629209,0.056972,0.056402,0.057547
2015-03,ind_deco_fin_ult1,Short-term deposit,savings,2396,629209,0.003808,0.003659,0.003963
2015-03,ind_deme_fin_ult1,Medium-term deposit,savings,1560,629209,0.002479,0.002359,0.002605
2015-03,ind_dela_fin_ult1,Long-term deposit,savings,34905,629209,0.055474,0.054912,0.056043
2015-03,ind_ecue_fin_ult1,E-account,digital,61979,629209,0.098503,0.097769,0.099242
2015-03,ind_fond_fin_ult1,Funds,investment,14545,629209,0.023116,0.022748,0.023491
2015-03,ind_hip_fin_ult1,Mortgage,lending,4988,629209,0.007927,0.007711,0.008150
2015-03,ind_plan_fin_ult1,Pension plan,investment,7384,629209,0.011735,0.011472,0.012004
2015-03,ind_pres_fin_ult1,Loan,lending,2340,629209,0.003719,0.003572,0.003872
2015-03,ind_reca_fin_ult1,Taxes,services,38727,629209,0.061549,0.060958,0.062145
2015-03,ind_tjcr_fin_ult1,Credit card,card,34990,629209,0.055610,0.055046,0.056178
2015-03,ind_valo_fin_ult1,Securities,investment,20020,629209,0.031818,0.031387,0.032254
2015-03,ind_viv_fin_ult1,Home account,savings,3196,629209,0.005079,0.004907,0.005258
2015-03,ind_nomina_ult1,Payroll,services,42967,629209,0.068287,0.067667,0.068913
2015-03,ind_nom_pens_ult1,Pension payments,services,44109,629209,0.070102,0.069474,0.070736
2015-03,ind_recibo_ult1,Direct debit,services,97211,629209,0.154497,0.153606,0.155392
2015-04,ind_ahor_fin_ult1,Saving account,savings,87,630367,0.000138,0.000112,0.000170
2015-04,ind_aval_fin_ult1,Guarantees,other,21,630367,0.000033,0.000022,0.000051
2015-04,ind_cco_fin_ult1,Current account,core,489069,630367,0.775848,0.774817,0.776876
2015-04,ind_cder_fin_ult1,Derivatives account,investment,313,630367,0.000497,0.000445,0.000555
2015-04,ind_cno_fin_ult1,Payroll account,core,62221,630367,0.098706,0.097972,0.099445
2015-04,ind_ctju_fin_ult1,Junior account,core,7653,630367,0.012141,0.011873,0.012414
2015-04,ind_ctma_fin_ult1,Mas particular account,core,7482,630367,0.011869,0.011605,0.012140
2015-04,ind_ctop_fin_ult1,Particular account,core,105167,630367,0.166835,0.165916,0.167757
2015-04,ind_ctpp_fin_ult1,Particular plus account,core,35650,630367,0.056554,0.055987,0.057127
2015-04,ind_deco_fin_ult1,Short-term deposit,savings,2439,630367,0.003869,0.003719,0.004025
2015-04,ind_deme_fin_ult1,Medium-term deposit,savings,1512,630367,0.002399,0.002281,0.002522
2015-04,ind_dela_fin_ult1,Long-term deposit,savings,34909,630367,0.055379,0.054817,0.055946
2015-04,ind_ecue_fin_ult1,E-account,digital,62677,630367,0.099429,0.098693,0.100171
2015-04,ind_fond_fin_ult1,Funds,investment,14860,630367,0.023574,0.023202,0.023951
2015-04,ind_hip_fin_ult1,Mortgage,lending,4968,630367,0.007881,0.007666,0.008102
2015-04,ind_plan_fin_ult1,Pension plan,investment,7370,630367,0.011692,0.011429,0.011960
2015-04,ind_pres_fin_ult1,Loan,lending,2346,630367,0.003722,0.003574,0.003875
2015-04,ind_reca_fin_ult1,Taxes,services,39603,630367,0.062825,0.062229,0.063427
2015-04,ind_tjcr_fin_ult1,Credit card,card,35988,630367,0.057091,0.056520,0.057666
2015-04,ind_valo_fin_ult1,Securities,investment,19939,630367,0.031631,0.031202,0.032066
2015-04,ind_viv_fin_ult1,Home account,savings,3173,630367,0.005034,0.004862,0.005211
2015-04,ind_nomina_ult1,Payroll,services,42443,630367,0.067331,0.066715,0.067952
2015-04,ind_nom_pens_ult1,Pension payments,services,46593,630367,0.073914,0.073271,0.074563
2015-04,ind_recibo_ult1,Direct debit,services,98312,630367,0.155960,0.155066,0.156858
2015-05,ind_ahor_fin_ult1,Saving account,savings,85,631957,0.000135,0.000109,0.000166
2015-05,ind_aval_fin_ult1,Guarantees,other,21,631957,0.000033,0.000022,0.000051
2015-05,ind_cco_fin_ult1,Current account,core,489737,631957,0.774953,0.773922,0.775981
2015-05,ind_cder_fin_ult1,Derivatives account,investment,313,631957,0.000495,0.000443,0.000553
2015-05,ind_cno_fin_ult1,Payroll account,core,63391,631957,0.100309,0.099571,0.101052
2015-05,ind_ctju_fin_ult1,Junior account,core,7647,631957,0.012101,0.011834,0.012373
2015-05,ind_ctma_fin_ult1,Mas particular account,core,7096,631957,0.011229,0.010972,0.011491
2015-05,ind_ctop_fin_ult1,Particular account,core,104947,631957,0.166067,0.165151,0.166986
2015-05,ind_ctpp_fin_ult1,Particular plus account,core,35499,631957,0.056173,0.055608,0.056744
2015-05,ind_deco_fin_ult1,Short-term deposit,savings,2075,631957,0.003283,0.003145,0.003428
2015-05,ind_deme_fin_ult1,Medium-term deposit,savings,1476,631957,0.002336,0.002220,0.002458
2015-05,ind_dela_fin_ult1,Long-term deposit,savings,35107,631957,0.055553,0.054991,0.056120
2015-05,ind_ecue_fin_ult1,E-account,digital,63604,631957,0.100646,0.099907,0.101390
2015-05,ind_fond_fin_ult1,Funds,investment,15094,631957,0.023885,0.023511,0.024264
2015-05,ind_hip_fin_ult1,Mortgage,lending,4797,631957,0.007591,0.007380,0.007808
2015-05,ind_plan_fin_ult1,Pension plan,investment,7363,631957,0.011651,0.011389,0.011919
2015-05,ind_pres_fin_ult1,Loan,lending,2342,631957,0.003706,0.003559,0.003859
2015-05,ind_reca_fin_ult1,Taxes,services,39946,631957,0.063210,0.062613,0.063813
2015-05,ind_tjcr_fin_ult1,Credit card,card,35880,631957,0.056776,0.056208,0.057349
2015-05,ind_valo_fin_ult1,Securities,investment,19955,631957,0.031577,0.031148,0.032011
2015-05,ind_viv_fin_ult1,Home account,savings,3155,631957,0.004992,0.004822,0.005169
2015-05,ind_nomina_ult1,Payroll,services,41383,631957,0.065484,0.064877,0.066096
2015-05,ind_nom_pens_ult1,Pension payments,services,42458,631957,0.067185,0.066570,0.067805
2015-05,ind_recibo_ult1,Direct debit,services,96487,631957,0.152680,0.151795,0.153569
2015-06,ind_ahor_fin_ult1,Saving account,savings,83,632110,0.000131,0.000106,0.000163
2015-06,ind_aval_fin_ult1,Guarantees,other,21,632110,0.000033,0.000022,0.000051
2015-06,ind_cco_fin_ult1,Current account,core,494027,632110,0.781552,0.780532,0.782569
2015-06,ind_cder_fin_ult1,Derivatives account,investment,316,632110,0.000500,0.000448,0.000558
2015-06,ind_cno_fin_ult1,Payroll account,core,59845,632110,0.094675,0.093956,0.095399
2015-06,ind_ctju_fin_ult1,Junior account,core,7596,632110,0.012017,0.011751,0.012288
2015-06,ind_ctma_fin_ult1,Mas particular account,core,6920,632110,0.010947,0.010694,0.011207
2015-06,ind_ctop_fin_ult1,Particular account,core,104602,632110,0.165481,0.164567,0.166399
2015-06,ind_ctpp_fin_ult1,Particular plus account,core,35342,632110,0.055911,0.055347,0.056480
2015-06,ind_deco_fin_ult1,Short-term deposit,savings,1803,632110,0.002852,0.002724,0.002987
2015-06,ind_deme_fin_ult1,Medium-term deposit,savings,1444,632110,0.002284,0.002170,0.002405
2015-06,ind_dela_fin_ult1,Long-term deposit,savings,35085,632110,0.055505,0.054943,0.056072
2015-06,ind_ecue_fin_ult1,E-account,digital,64096,632110,0.101400,0.100658,0.102147
2015-06,ind_fond_fin_ult1,Funds,investment,15064,632110,0.023831,0.023458,0.024210
2015-06,ind_hip_fin_ult1,Mortgage,lending,4721,632110,0.007469,0.007259,0.007684
2015-06,ind_plan_fin_ult1,Pension plan,investment,7363,632110,0.011648,0.011387,0.011916
2015-06,ind_pres_fin_ult1,Loan,lending,2040,632110,0.003227,0.003090,0.003370
2015-06,ind_reca_fin_ult1,Taxes,services,42888,632110,0.067849,0.067232,0.068472
2015-06,ind_tjcr_fin_ult1,Credit card,card,36550,632110,0.057822,0.057250,0.058400
2015-06,ind_valo_fin_ult1,Securities,investment,19675,632110,0.031126,0.030701,0.031557
2015-06,ind_viv_fin_ult1,Home account,savings,3138,632110,0.004964,0.004794,0.005141
2015-06,ind_nomina_ult1,Payroll,services,43524,632110,0.068855,0.068234,0.069482
2015-06,ind_nom_pens_ult1,Pension payments,services,47703,632110,0.075466,0.074818,0.076120
2015-06,ind_recibo_ult1,Direct debit,services,98655,632110,0.156073,0.155180,0.156969
2015-07,ind_ahor_fin_ult1,Saving account,savings,82,829817,0.000099,0.000080,0.000123
2015-07,ind_aval_fin_ult1,Guarantees,other,19,829817,0.000023,0.000015,0.000036
2015-07,ind_cco_fin_ult1,Current account,core,503903,829817,0.607246,0.606195,0.608296
2015-07,ind_cder_fin_ult1,Derivatives account,investment,320,829817,0.000386,0.000346,0.000430
2015-07,ind_cno_fin_ult1,Payroll account,core,61607,829817,0.074242,0.073680,0.074808
2015-07,ind_ctju_fin_ult1,Junior account,core,7582,829817,0.009137,0.008934,0.009344
2015-07,ind_ctma_fin_ult1,Mas particular account,core,6939,829817,0.008362,0.008168,0.008560
2015-07,ind_ctop_fin_ult1,Particular account,core,104288,829817,0.125676,0.124964,0.126391
2015-07,ind_ctpp_fin_ult1,Particular plus account,core,35145,829817,0.042353,0.041922,0.042788
2015-07,ind_deco_fin_ult1,Short-term deposit,savings,1845,829817,0.002223,0.002124,0.002327
2015-07,ind_deme_fin_ult1,Medium-term deposit,savings,1396,829817,0.001682,0.001596,0.001773
2015-07,ind_dela_fin_ult1,Long-term deposit,savings,34995,829817,0.042172,0.041742,0.042606
2015-07,ind_ecue_fin_ult1,E-account,digital,64479,829817,0.077703,0.077129,0.078281
2015-07,ind_fond_fin_ult1,Funds,investment,15012,829817,0.018091,0.017806,0.018380
2015-07,ind_hip_fin_ult1,Mortgage,lending,4707,829817,0.005672,0.005513,0.005836
2015-07,ind_plan_fin_ult1,Pension plan,investment,7345,829817,0.008851,0.008652,0.009055
2015-07,ind_pres_fin_ult1,Loan,lending,2024,829817,0.002439,0.002335,0.002548
2015-07,ind_reca_fin_ult1,Taxes,services,41779,829817,0.050347,0.049879,0.050820
2015-07,ind_tjcr_fin_ult1,Credit card,card,37159,829817,0.044780,0.044337,0.045227
2015-07,ind_valo_fin_ult1,Securities,investment,19699,829817,0.023739,0.023414,0.024069
2015-07,ind_viv_fin_ult1,Home account,savings,3128,829817,0.003770,0.003640,0.003904
2015-07,ind_nomina_ult1,Payroll,services,44937,829817,0.054153,0.053668,0.054642
2015-07,ind_nom_pens_ult1,Pension payments,services,49589,829817,0.059759,0.059251,0.060271
2015-07,ind_recibo_ult1,Direct debit,services,99981,829817,0.120486,0.119787,0.121188
2015-08,ind_ahor_fin_ult1,Saving account,savings,82,843201,0.000097,0.000078,0.000121
2015-08,ind_aval_fin_ult1,Guarantees,other,19,843201,0.000023,0.000014,0.000035
2015-08,ind_cco_fin_ult1,Current account,core,514827,843201,0.610563,0.609521,0.611603
2015-08,ind_cder_fin_ult1,Derivatives account,investment,323,843201,0.000383,0.000344,0.000427
2015-08,ind_cno_fin_ult1,Payroll account,core,62997,843201,0.074712,0.074152,0.075275
2015-08,ind_ctju_fin_ult1,Junior account,core,7556,843201,0.008961,0.008762,0.009164
2015-08,ind_ctma_fin_ult1,Mas particular account,core,6993,843201,0.008293,0.008102,0.008489
2015-08,ind_ctop_fin_ult1,Particular account,core,104053,843201,0.123402,0.122702,0.124106
2015-08,ind_ctpp_fin_ult1,Particular plus account,core,35010,843201,0.041520,0.041097,0.041948
2015-08,ind_deco_fin_ult1,Short-term deposit,savings,1909,843201,0.002264,0.002165,0.002368
2015-08,ind_deme_fin_ult1,Medium-term deposit,savings,1378,843201,0.001634,0.001550,0.001723
2015-08,ind_dela_fin_ult1,Long-term deposit,savings,34942,843201,0.041440,0.041016,0.041867
2015-08,ind_ecue_fin_ult1,E-account,digital,64793,843201,0.076842,0.076275,0.077412
2015-08,ind_fond_fin_ult1,Funds,investment,15063,843201,0.017864,0.017584,0.018149
2015-08,ind_hip_fin_ult1,Mortgage,lending,4693,843201,0.005566,0.005409,0.005727
2015-08,ind_plan_fin_ult1,Pension plan,investment,7346,843201,0.008712,0.008516,0.008913
2015-08,ind_pres_fin_ult1,Loan,lending,2023,843201,0.002399,0.002297,0.002506
2015-08,ind_reca_fin_ult1,Taxes,services,42021,843201,0.049835,0.049373,0.050302
2015-08,ind_tjcr_fin_ult1,Credit card,card,36820,843201,0.043667,0.043233,0.044105
2015-08,ind_valo_fin_ult1,Securities,investment,19949,843201,0.023659,0.023336,0.023985
2015-08,ind_viv_fin_ult1,Home account,savings,3108,843201,0.003686,0.003559,0.003818
2015-08,ind_nomina_ult1,Payroll,services,42788,843201,0.050745,0.050278,0.051215
2015-08,ind_nom_pens_ult1,Pension payments,services,47060,843201,0.055811,0.055323,0.056303
2015-08,ind_recibo_ult1,Direct debit,services,96045,843201,0.113905,0.113229,0.114585
2015-09,ind_ahor_fin_ult1,Saving account,savings,81,865440,0.000094,0.000075,0.000116
2015-09,ind_aval_fin_ult1,Guarantees,other,19,865440,0.000022,0.000014,0.000034
2015-09,ind_cco_fin_ult1,Current account,core,529608,865440,0.611952,0.610925,0.612978
2015-09,ind_cder_fin_ult1,Derivatives account,investment,319,865440,0.000369,0.000330,0.000411
2015-09,ind_cno_fin_ult1,Payroll account,core,63759,865440,0.073672,0.073124,0.074225
2015-09,ind_ctju_fin_ult1,Junior account,core,7521,865440,0.008690,0.008497,0.008888
2015-09,ind_ctma_fin_ult1,Mas particular account,core,7180,865440,0.008296,0.008107,0.008490
2015-09,ind_ctop_fin_ult1,Particular account,core,103680,865440,0.119800,0.119118,0.120486
2015-09,ind_ctpp_fin_ult1,Particular plus account,core,34795,865440,0.040205,0.039793,0.040621
2015-09,ind_deco_fin_ult1,Short-term deposit,savings,1982,865440,0.002290,0.002192,0.002393
2015-09,ind_deme_fin_ult1,Medium-term deposit,savings,1362,865440,0.001574,0.001492,0.001660
2015-09,ind_dela_fin_ult1,Long-term deposit,savings,35076,865440,0.040530,0.040116,0.040947
2015-09,ind_ecue_fin_ult1,E-account,digital,65071,865440,0.075188,0.074635,0.075746
2015-09,ind_fond_fin_ult1,Funds,investment,15046,865440,0.017385,0.017112,0.017663
2015-09,ind_hip_fin_ult1,Mortgage,lending,4682,865440,0.005410,0.005258,0.005567
2015-09,ind_plan_fin_ult1,Pension plan,investment,7343,865440,0.008485,0.008294,0.008680
2015-09,ind_pres_fin_ult1,Loan,lending,2024,865440,0.002339,0.002239,0.002443
2015-09,ind_reca_fin_ult1,Taxes,services,42267,865440,0.048839,0.048387,0.049295
2015-09,ind_tjcr_fin_ult1,Credit card,card,36248,865440,0.041884,0.041464,0.042308
2015-09,ind_valo_fin_ult1,Securities,investment,20155,865440,0.023289,0.022973,0.023609
2015-09,ind_viv_fin_ult1,Home account,savings,3090,865440,0.003570,0.003447,0.003698
2015-09,ind_nomina_ult1,Payroll,services,43673,865440,0.050463,0.050004,0.050927
2015-09,ind_nom_pens_ult1,Pension payments,services,47998,865440,0.055461,0.054981,0.055945
2015-09,ind_recibo_ult1,Direct debit,services,100726,865440,0.116387,0.115713,0.117064
2015-10,ind_ahor_fin_ult1,Saving account,savings,81,892251,0.000091,0.000073,0.000113
2015-10,ind_aval_fin_ult1,Guarantees,other,18,892251,0.000020,0.000013,0.000032
2015-10,ind_cco_fin_ult1,Current account,core,545516,892251,0.611393,0.610381,0.612404
2015-10,ind_cder_fin_ult1,Derivatives account,investment,317,892251,0.000355,0.000318,0.000397
2015-10,ind_cno_fin_ult1,Payroll account,core,65449,892251,0.073353,0.072814,0.073895
2015-10,ind_ctju_fin_ult1,Junior account,core,7524,892251,0.008433,0.008245,0.008624
2015-10,ind_ctma_fin_ult1,Mas particular account,core,7451,892251,0.008351,0.008164,0.008542
2015-10,ind_ctop_fin_ult1,Particular account,core,103299,892251,0.115773,0.115111,0.116439
2015-10,ind_ctpp_fin_ult1,Particular plus account,core,34639,892251,0.038822,0.038423,0.039225
2015-10,ind_deco_fin_ult1,Short-term deposit,savings,1955,892251,0.002191,0.002096,0.002290
2015-10,ind_deme_fin_ult1,Medium-term deposit,savings,1338,892251,0.001500,0.001421,0.001582
2015-10,ind_dela_fin_ult1,Long-term deposit,savings,35154,892251,0.039399,0.038998,0.039805
2015-10,ind_ecue_fin_ult1,E-account,digital,65506,892251,0.073417,0.072877,0.073960
2015-10,ind_fond_fin_ult1,Funds,investment,15046,892251,0.016863,0.016598,0.017132
2015-10,ind_hip_fin_ult1,Mortgage,lending,4665,892251,0.005228,0.005081,0.005380
2015-10,ind_plan_fin_ult1,Pension plan,investment,7340,892251,0.008226,0.008041,0.008416
2015-10,ind_pres_fin_ult1,Loan,lending,2020,892251,0.002264,0.002167,0.002365
2015-10,ind_reca_fin_ult1,Taxes,services,42832,892251,0.048004,0.047563,0.048450
2015-10,ind_tjcr_fin_ult1,Credit card,card,36053,892251,0.040407,0.040000,0.040817
2015-10,ind_valo_fin_ult1,Securities,investment,20813,892251,0.023326,0.023015,0.023642
2015-10,ind_viv_fin_ult1,Home account,savings,3067,892251,0.003437,0.003318,0.003561
2015-10,ind_nomina_ult1,Payroll,services,44657,892251,0.050050,0.049599,0.050504
2015-10,ind_nom_pens_ult1,Pension payments,services,48896,892251,0.054801,0.054330,0.055275
2015-10,ind_recibo_ult1,Direct debit,services,104427,892251,0.117038,0.116372,0.117706
2015-11,ind_ahor_fin_ult1,Saving account,savings,81,906109,0.000089,0.000072,0.000111
2015-11,ind_aval_fin_ult1,Guarantees,other,18,906109,0.000020,0.000013,0.000031
2015-11,ind_cco_fin_ult1,Current account,core,551801,906109,0.608979,0.607973,0.609983
2015-11,ind_cder_fin_ult1,Derivatives account,investment,319,906109,0.000352,0.000315,0.000393
2015-11,ind_cno_fin_ult1,Payroll account,core,67382,906109,0.074364,0.073826,0.074906
2015-11,ind_ctju_fin_ult1,Junior account,core,7506,906109,0.008284,0.008099,0.008472
2015-11,ind_ctma_fin_ult1,Mas particular account,core,7839,906109,0.008651,0.008463,0.008844
2015-11,ind_ctop_fin_ult1,Particular account,core,102900,906109,0.113562,0.112911,0.114217
2015-11,ind_ctpp_fin_ult1,Particular plus account,core,34429,906109,0.037997,0.037605,0.038392
2015-11,ind_deco_fin_ult1,Short-term deposit,savings,1533,906109,0.001692,0.001609,0.001779
2015-11,ind_deme_fin_ult1,Medium-term deposit,savings,1297,906109,0.001431,0.001356,0.001511
2015-11,ind_dela_fin_ult1,Long-term deposit,savings,34707,906109,0.038303,0.037910,0.038700
2015-11,ind_ecue_fin_ult1,E-account,digital,66426,906109,0.073309,0.072774,0.073848
2015-11,ind_fond_fin_ult1,Funds,investment,15050,906109,0.016609,0.016348,0.016875
2015-11,ind_hip_fin_ult1,Mortgage,lending,4646,906109,0.005127,0.004982,0.005277
2015-11,ind_plan_fin_ult1,Pension plan,investment,7309,906109,0.008066,0.007884,0.008253
2015-11,ind_pres_fin_ult1,Loan,lending,2017,906109,0.002226,0.002131,0.002325
2015-11,ind_reca_fin_ult1,Taxes,services,43211,906109,0.047689,0.047252,0.048129
2015-11,ind_tjcr_fin_ult1,Credit card,card,36267,906109,0.040025,0.039623,0.040431
2015-11,ind_valo_fin_ult1,Securities,investment,20777,906109,0.022930,0.022624,0.023240
2015-11,ind_viv_fin_ult1,Home account,savings,3057,906109,0.003374,0.003256,0.003495
2015-11,ind_nomina_ult1,Payroll,services,44958,906109,0.049617,0.049171,0.050066
2015-11,ind_nom_pens_ult1,Pension payments,services,49228,906109,0.054329,0.053864,0.054798
2015-11,ind_recibo_ult1,Direct debit,services,104990,906109,0.115869,0.115212,0.116530
2015-12,ind_ahor_fin_ult1,Saving account,savings,79,912021,0.000087,0.000070,0.000108
2015-12,ind_aval_fin_ult1,Guarantees,other,18,912021,0.000020,0.000012,0.000031
2015-12,ind_cco_fin_ult1,Current account,core,557050,912021,0.610786,0.609785,0.611787
2015-12,ind_cder_fin_ult1,Derivatives account,investment,319,912021,0.000350,0.000313,0.000390
2015-12,ind_cno_fin_ult1,Payroll account,core,66243,912021,0.072633,0.072102,0.073168
2015-12,ind_ctju_fin_ult1,Junior account,core,7581,912021,0.008312,0.008128,0.008501
2015-12,ind_ctma_fin_ult1,Mas particular account,core,8191,912021,0.008981,0.008790,0.009177
2015-12,ind_ctop_fin_ult1,Particular account,core,102580,912021,0.112475,0.111829,0.113126
2015-12,ind_ctpp_fin_ult1,Particular plus account,core,34235,912021,0.037538,0.037149,0.037930
2015-12,ind_deco_fin_ult1,Short-term deposit,savings,958,912021,0.001050,0.000986,0.001119
2015-12,ind_deme_fin_ult1,Medium-term deposit,savings,1238,912021,0.001357,0.001284,0.001435
2015-12,ind_dela_fin_ult1,Long-term deposit,savings,35055,912021,0.038437,0.038044,0.038833
2015-12,ind_ecue_fin_ult1,E-account,digital,67515,912021,0.074028,0.073492,0.074567
2015-12,ind_fond_fin_ult1,Funds,investment,15100,912021,0.016557,0.016297,0.016821
2015-12,ind_hip_fin_ult1,Mortgage,lending,4633,912021,0.005080,0.004936,0.005228
2015-12,ind_plan_fin_ult1,Pension plan,investment,7341,912021,0.008049,0.007868,0.008235
2015-12,ind_pres_fin_ult1,Loan,lending,2009,912021,0.002203,0.002109,0.002301
2015-12,ind_reca_fin_ult1,Taxes,services,43413,912021,0.047601,0.047166,0.048040
2015-12,ind_tjcr_fin_ult1,Credit card,card,36187,912021,0.039678,0.039279,0.040080
2015-12,ind_valo_fin_ult1,Securities,investment,20812,912021,0.022820,0.022515,0.023128
2015-12,ind_viv_fin_ult1,Home account,savings,3037,912021,0.003330,0.003214,0.003450
2015-12,ind_nomina_ult1,Payroll,services,47686,912021,0.052286,0.051831,0.052745
2015-12,ind_nom_pens_ult1,Pension payments,services,52047,912021,0.057068,0.056594,0.057546
2015-12,ind_recibo_ult1,Direct debit,services,107320,912021,0.117673,0.117013,0.118336
2016-01,ind_ahor_fin_ult1,Saving account,savings,78,916269,0.000085,0.000068,0.000106
2016-01,ind_aval_fin_ult1,Guarantees,other,18,916269,0.000020,0.000012,0.000031
2016-01,ind_cco_fin_ult1,Current account,core,559581,916269,0.610717,0.609718,0.611715
2016-01,ind_cder_fin_ult1,Derivatives account,investment,323,916269,0.000353,0.000316,0.000393
2016-01,ind_cno_fin_ult1,Payroll account,core,67411,916269,0.073571,0.073038,0.074108
2016-01,ind_ctju_fin_ult1,Junior account,core,7595,916269,0.008289,0.008105,0.008477
2016-01,ind_ctma_fin_ult1,Mas particular account,core,8255,916269,0.009009,0.008818,0.009205
2016-01,ind_ctop_fin_ult1,Particular account,core,102163,916269,0.111499,0.110856,0.112145
2016-01,ind_ctpp_fin_ult1,Particular plus account,core,34006,916269,0.037114,0.036728,0.037503
2016-01,ind_deco_fin_ult1,Short-term deposit,savings,492,916269,0.000537,0.000492,0.000587
2016-01,ind_deme_fin_ult1,Medium-term deposit,savings,1189,916269,0.001298,0.001226,0.001373
2016-01,ind_dela_fin_ult1,Long-term deposit,savings,34198,916269,0.037323,0.036937,0.037713
2016-01,ind_ecue_fin_ult1,E-account,digital,69160,916269,0.075480,0.074941,0.076023
2016-01,ind_fond_fin_ult1,Funds,investment,15050,916269,0.016425,0.016167,0.016688
2016-01,ind_hip_fin_ult1,Mortgage,lending,4606,916269,0.005027,0.004884,0.005174
2016-01,ind_plan_fin_ult1,Pension plan,investment,7360,916269,0.008033,0.007852,0.008217
2016-01,ind_pres_fin_ult1,Loan,lending,2004,916269,0.002187,0.002094,0.002285
2016-01,ind_reca_fin_ult1,Taxes,services,43829,916269,0.047834,0.047399,0.048273
2016-01,ind_tjcr_fin_ult1,Credit card,card,35333,916269,0.038562,0.038169,0.038958
2016-01,ind_valo_fin_ult1,Securities,investment,21396,916269,0.023351,0.023044,0.023662
2016-01,ind_viv_fin_ult1,Home account,savings,3013,916269,0.003288,0.003173,0.003408
2016-01,ind_nomina_ult1,Payroll,services,40256,916269,0.043935,0.043517,0.044356
2016-01,ind_nom_pens_ult1,Pension payments,services,41935,916269,0.045767,0.045341,0.046197
2016-01,ind_recibo_ult1,Direct debit,services,107033,916269,0.116814,0.116158,0.117473
2016-02,ind_ahor_fin_ult1,Saving account,savings,78,920904,0.000085,0.000068,0.000106
2016-02,ind_aval_fin_ult1,Guarantees,other,16,920904,0.000017,0.000011,0.000028
2016-02,ind_cco_fin_ult1,Current account,core,560014,920904,0.608113,0.607116,0.609110
2016-02,ind_cder_fin_ult1,Derivatives account,investment,328,920904,0.000356,0.000320,0.000397
2016-02,ind_cno_fin_ult1,Payroll account,core,68636,920904,0.074531,0.073996,0.075069
2016-02,ind_ctju_fin_ult1,Junior account,core,7612,920904,0.008266,0.008083,0.008453
2016-02,ind_ctma_fin_ult1,Mas particular account,core,8411,920904,0.009133,0.008941,0.009330
2016-02,ind_ctop_fin_ult1,Particular account,core,101729,920904,0.110466,0.109828,0.111108
2016-02,ind_ctpp_fin_ult1,Particular plus account,core,33801,920904,0.036704,0.036322,0.037090
2016-02,ind_deco_fin_ult1,Short-term deposit,savings,350,920904,0.000380,0.000342,0.000422
2016-02,ind_deme_fin_ult1,Medium-term deposit,savings,1130,920904,0.001227,0.001158,0.001301
2016-02,ind_dela_fin_ult1,Long-term deposit,savings,33855,920904,0.036763,0.036380,0.037149
2016-02,ind_ecue_fin_ult1,E-account,digital,70819,920904,0.076902,0.076359,0.077448
2016-02,ind_fond_fin_ult1,Funds,investment,14933,920904,0.016216,0.015960,0.016476
2016-02,ind_hip_fin_ult1,Mortgage,lending,4588,920904,0.004982,0.004840,0.005128
2016-02,ind_plan_fin_ult1,Pension plan,investment,7368,920904,0.008001,0.007821,0.008185
2016-02,ind_pres_fin_ult1,Loan,lending,2001,920904,0.002173,0.002080,0.002270
2016-02,ind_reca_fin_ult1,Taxes,services,44352,920904,0.048161,0.047726,0.048601
2016-02,ind_tjcr_fin_ult1,Credit card,card,34388,920904,0.037342,0.036956,0.037731
2016-02,ind_valo_fin_ult1,Securities,investment,21554,920904,0.023405,0.023098,0.023716
2016-02,ind_viv_fin_ult1,Home account,savings,2993,920904,0.003250,0.003136,0.003368
2016-02,ind_nomina_ult1,Payroll,services,45455,920904,0.049359,0.048919,0.049803
2016-02,ind_nom_pens_ult1,Pension payments,services,49889,920904,0.054174,0.053713,0.054638
2016-02,ind_recibo_ult1,Direct debit,services,108668,920904,0.118001,0.117344,0.118662
2016-03,ind_ahor_fin_ult1,Saving account,savings,78,925076,0.000084,0.000068,0.000105
2016-03,ind_aval_fin_ult1,Guarantees,other,16,925076,0.000017,0.000011,0.000028
2016-03,ind_cco_fin_ult1,Current account,core,561446,925076,0.606919,0.605923,0.607914
2016-03,ind_cder_fin_ult1,Derivatives account,investment,319,925076,0.000345,0.000309,0.000385
2016-03,ind_cno_fin_ult1,Payroll account,core,70141,925076,0.075822,0.075284,0.076363
2016-03,ind_ctju_fin_ult1,Junior account,core,7617,925076,0.008234,0.008052,0.008420
2016-03,ind_ctma_fin_ult1,Mas particular account,core,8715,925076,0.009421,0.009226,0.009620
2016-03,ind_ctop_fin_ult1,Particular account,core,101377,925076,0.109588,0.108953,0.110226
2016-03,ind_ctpp_fin_ult1,Particular plus account,core,33630,925076,0.036354,0.035974,0.036737
2016-03,ind_deco_fin_ult1,Short-term deposit,savings,331,925076,0.000358,0.000321,0.000398
2016-03,ind_deme_fin_ult1,Medium-term deposit,savings,1076,925076,0.001163,0.001096,0.001235
2016-03,ind_dela_fin_ult1,Long-term deposit,savings,33188,925076,0.035876,0.035499,0.036257
2016-03,ind_ecue_fin_ult1,E-account,digital,72065,925076,0.077902,0.077357,0.078450
2016-03,ind_fond_fin_ult1,Funds,investment,14894,925076,0.016100,0.015846,0.016359
2016-03,ind_hip_fin_ult1,Mortgage,lending,4565,925076,0.004935,0.004794,0.005080
2016-03,ind_plan_fin_ult1,Pension plan,investment,7366,925076,0.007963,0.007784,0.008146
2016-03,ind_pres_fin_ult1,Loan,lending,1996,925076,0.002158,0.002065,0.002254
2016-03,ind_reca_fin_ult1,Taxes,services,44507,925076,0.048112,0.047678,0.048550
2016-03,ind_tjcr_fin_ult1,Credit card,card,34329,925076,0.037109,0.036726,0.037497
2016-03,ind_valo_fin_ult1,Securities,investment,21459,925076,0.023197,0.022892,0.023506
2016-03,ind_viv_fin_ult1,Home account,savings,2982,925076,0.003224,0.003110,0.003341
2016-03,ind_nomina_ult1,Payroll,services,47035,925076,0.050844,0.050399,0.051294
2016-03,ind_nom_pens_ult1,Pension payments,services,50919,925076,0.055043,0.054580,0.055510
2016-03,ind_recibo_ult1,Direct debit,services,110915,925076,0.119898,0.119238,0.120562
2016-04,ind_ahor_fin_ult1,Saving account,savings,77,928274,0.000083,0.000066,0.000104
2016-04,ind_aval_fin_ult1,Guarantees,other,16,928274,0.000017,0.000011,0.000028
2016-04,ind_cco_fin_ult1,Current account,core,561807,928274,0.605217,0.604222,0.606211
2016-04,ind_cder_fin_ult1,Derivatives account,investment,314,928274,0.000338,0.000303,0.000378
2016-04,ind_cno_fin_ult1,Payroll account,core,71757,928274,0.077302,0.076760,0.077847
2016-04,ind_ctju_fin_ult1,Junior account,core,7605,928274,0.008193,0.008011,0.008378
2016-04,ind_ctma_fin_ult1,Mas particular account,core,8652,928274,0.009321,0.009127,0.009518
2016-04,ind_ctop_fin_ult1,Particular account,core,101040,928274,0.108847,0.108215,0.109482
2016-04,ind_ctpp_fin_ult1,Particular plus account,core,33474,928274,0.036060,0.035683,0.036442
2016-04,ind_deco_fin_ult1,Short-term deposit,savings,322,928274,0.000347,0.000311,0.000387
2016-04,ind_deme_fin_ult1,Medium-term deposit,savings,1035,928274,0.001115,0.001049,0.001185
2016-04,ind_dela_fin_ult1,Long-term deposit,savings,32357,928274,0.034857,0.034486,0.035232
2016-04,ind_ecue_fin_ult1,E-account,digital,73731,928274,0.079428,0.078880,0.079980
2016-04,ind_fond_fin_ult1,Funds,investment,14815,928274,0.015960,0.015707,0.016217
2016-04,ind_hip_fin_ult1,Mortgage,lending,4544,928274,0.004895,0.004755,0.005039
2016-04,ind_plan_fin_ult1,Pension plan,investment,7365,928274,0.007934,0.007756,0.008117
2016-04,ind_pres_fin_ult1,Loan,lending,1987,928274,0.002141,0.002049,0.002237
2016-04,ind_reca_fin_ult1,Taxes,services,45275,928274,0.048773,0.048337,0.049213
2016-04,ind_tjcr_fin_ult1,Credit card,card,34807,928274,0.037496,0.037112,0.037885
2016-04,ind_valo_fin_ult1,Securities,investment,21385,928274,0.023037,0.022734,0.023345
2016-04,ind_viv_fin_ult1,Home account,savings,2962,928274,0.003191,0.003078,0.003308
2016-04,ind_nomina_ult1,Payroll,services,46149,928274,0.049715,0.049275,0.050159
2016-04,ind_nom_pens_ult1,Pension payments,services,50672,928274,0.054587,0.054127,0.055051
2016-04,ind_recibo_ult1,Direct debit,services,111748,928274,0.120383,0.119722,0.121046
2016-05,ind_ahor_fin_ult1,Saving account,savings,78,931453,0.000084,0.000067,0.000104
2016-05,ind_aval_fin_ult1,Guarantees,other,16,931453,0.000017,0.000011,0.000028
2016-05,ind_cco_fin_ult1,Current account,core,561615,931453,0.602945,0.601951,0.603938
2016-05,ind_cder_fin_ult1,Derivatives account,investment,316,931453,0.000339,0.000304,0.000379
2016-05,ind_cno_fin_ult1,Payroll account,core,73061,931453,0.078438,0.077893,0.078985
2016-05,ind_ctju_fin_ult1,Junior account,core,7581,931453,0.008139,0.007958,0.008323
2016-05,ind_ctma_fin_ult1,Mas particular account,core,8097,931453,0.008693,0.008506,0.008883
2016-05,ind_ctop_fin_ult1,Particular account,core,100589,931453,0.107991,0.107363,0.108623
2016-05,ind_ctpp_fin_ult1,Particular plus account,core,33271,931453,0.035719,0.035344,0.036098
2016-05,ind_deco_fin_ult1,Short-term deposit,savings,317,931453,0.000340,0.000305,0.000380
2016-05,ind_deme_fin_ult1,Medium-term deposit,savings,1021,931453,0.001096,0.001031,0.001165
2016-05,ind_dela_fin_ult1,Long-term deposit,savings,31217,931453,0.033514,0.033151,0.033882
2016-05,ind_ecue_fin_ult1,E-account,digital,75845,931453,0.081427,0.080873,0.081984
2016-05,ind_fond_fin_ult1,Funds,investment,14687,931453,0.015768,0.015517,0.016023
2016-05,ind_hip_fin_ult1,Mortgage,lending,4528,931453,0.004861,0.004722,0.005005
2016-05,ind_plan_fin_ult1,Pension plan,investment,7359,931453,0.007901,0.007723,0.008082
2016-05,ind_pres_fin_ult1,Loan,lending,1991,931453,0.002138,0.002046,0.002233
2016-05,ind_reca_fin_ult1,Taxes,services,45535,931453,0.048886,0.048450,0.049326
2016-05,ind_tjcr_fin_ult1,Credit card,card,34822,931453,0.037385,0.037001,0.037772
2016-05,ind_valo_fin_ult1,Securities,investment,21426,931453,0.023003,0.022700,0.023309
2016-05,ind_viv_fin_ult1,Home account,savings,2959,931453,0.003177,0.003065,0.003293
2016-05,ind_nomina_ult1,Payroll,services,48309,931453,0.051864,0.051416,0.052316
2016-05,ind_nom_pens_ult1,Pension payments,services,52848,931453,0.056737,0.056269,0.057209
2016-05,ind_recibo_ult1,Direct debit,services,113050,931453,0.121370,0.120708,0.122034
