dimension,group_value,step,step_name,customers,previous_reached,reached,conversion_rate,conversion_rate_ci_lower,conversion_rate_ci_upper,reached_share
all,all,1,Current account,956645,956645,622371,0.650577,0.649621,0.651532,0.650577
all,all,2,Direct debit,956645,622371,115630,0.185790,0.184825,0.186758,0.120870
all,all,3,Payroll package,956645,115630,25496,0.220496,0.218116,0.222895,0.026651
all,all,4,Credit card,956645,25496,8072,0.316599,0.310917,0.322336,0.008438
segment,01 - TOP,1,Current account,36034,36034,25507,0.707859,0.703142,0.712532,0.707859
segment,01 - TOP,2,Direct debit,36034,25507,8937,0.350374,0.344542,0.356251,0.248016
segment,01 - TOP,3,Payroll package,36034,8937,3163,0.353922,0.344073,0.363897,0.087778
segment,01 - TOP,4,Credit card,36034,3163,1909,0.603541,0.586378,0.620453,0.052978
segment,02 - PARTICULARES,1,Current account,551740,551740,309240,0.560481,0.559171,0.561791,0.560481
segment,02 - PARTICULARES,2,Direct debit,551740,309240,82012,0.265205,0.263652,0.266764,0.148642
segment,02 - PARTICULARES,3,Payroll package,551740,82012,17088,0.208360,0.205594,0.211153,0.030971
segment,02 - PARTICULARES,4,Credit card,551740,17088,5581,0.326603,0.319612,0.333673,0.010115
segment,03 - UNIVERSITARIO,1,Current account,350497,350497,283246,0.808127,0.806820,0.809427,0.808127
segment,03 - UNIVERSITARIO,2,Direct debit,350497,283246,24416,0.086201,0.085173,0.087240,0.069661
segment,03 - UNIVERSITARIO,3,Payroll package,350497,24416,5234,0.214368,0.209265,0.219560,0.014933
segment,03 - UNIVERSITARIO,4,Credit card,350497,5234,582,0.111196,0.102963,0.120000,0.001660
segment,unknown,1,Current account,18374,18374,4378,0.238271,0.232167,0.244486,0.238271
segment,unknown,2,Direct debit,18374,4378,265,0.060530,0.053844,0.067986,0.014423
segment,unknown,3,Payroll package,18374,265,11,0.041509,0.023334,0.072788,0.000599
segment,unknown,4,Credit card,18374,11,0,0.000000,0.000000,0.258833,0.000000
channel,KAT,1,Current account,208389,208389,118602,0.569138,0.567010,0.571262,0.569138
channel,KAT,2,Direct debit,208389,118602,34333,0.289481,0.286907,0.292069,0.164754
channel,KAT,3,Payroll package,208389,34333,8128,0.236740,0.232273,0.241266,0.039004
channel,KAT,4,Credit card,208389,8128,4006,0.492864,0.482001,0.503734,0.019224
channel,KFA,1,Current account,26137,26137,15033,0.575162,0.569158,0.581143,0.575162
channel,KFA,2,Direct debit,26137,15033,3912,0.260227,0.253276,0.267302,0.149673
channel,KFA,3,Payroll package,26137,3912,926,0.236708,0.223650,0.250282,0.035429
channel,KFA,4,Credit card,26137,926,364,0.393089,0.362133,0.424928,0.013927
channel,KFC,1,Current account,203033,203033,110890,0.546167,0.544001,0.548332,0.546167
channel,KFC,2,Direct debit,203033,110890,32552,0.293552,0.290879,0.296240,0.160329
channel,KFC,3,Payroll package,203033,32552,6795,0.208743,0.204362,0.213192,0.033467
channel,KFC,4,Credit card,203033,6795,2325,0.342163,0.330975,0.353530,0.011451
channel,KHD,1,Current account,7474,7474,5790,0.774686,0.765074,0.784015,0.774686
channel,KHD,2,Direct debit,7474,5790,455,0.078584,0.071929,0.085798,0.060878
channel,KHD,3,Payroll package,7474,455,78,0.171429,0.139585,0.208773,0.010436
channel,KHD,4,Credit card,7474,78,1,0.012821,0.002267,0.069109,0.000134
channel,KHE,1,Current account,254207,254207,211661,0.832632,0.831176,0.834079,0.832632
channel,KHE,2,Direct debit,254207,211661,14551,0.068747,0.067677,0.069832,0.057241
channel,KHE,3,Payroll package,254207,14551,2557,0.175727,0.169629,0.181996,0.010059
channel,KHE,4,Credit card,254207,2557,110,0.043019,0.035816,0.051593,0.000433
channel,KHK,1,Current account,17697,17697,12037,0.680172,0.673262,0.687004,0.680172
channel,KHK,2,Direct debit,17697,12037,4579,0.380410,0.371777,0.389120,0.258744
channel,KHK,3,Payroll package,17697,4579,1405,0.306836,0.293644,0.320351,0.079392
channel,KHK,4,Credit card,17697,1405,125,0.088968,0.075180,0.104997,0.007063
channel,KHM,1,Current account,33247,33247,23470,0.705928,0.701007,0.710802,0.705928
channel,KHM,2,Direct debit,33247,23470,6721,0.286366,0.280617,0.292184,0.202154
channel,KHM,3,Payroll package,33247,6721,1579,0.234935,0.224953,0.245221,0.047493
channel,KHM,4,Credit card,33247,1579,94,0.059531,0.048895,0.072306,0.002827
channel,KHN,1,Current account,18265,18265,13825,0.756912,0.750638,0.763078,0.756912
channel,KHN,2,Direct debit,18265,13825,4536,0.328101,0.320323,0.335975,0.248344
channel,KHN,3,Payroll package,18265,4536,988,0.217813,0.206043,0.230061,0.054093
channel,KHN,4,Credit card,18265,988,65,0.065789,0.051951,0.082991,0.003559
channel,KHQ,1,Current account,76220,76220,57386,0.752900,0.749825,0.755949,0.752900
channel,KHQ,2,Direct debit,76220,57386,1781,0.031035,0.029648,0.032486,0.023367
channel,KHQ,3,Payroll package,76220,1781,140,0.078608,0.066996,0.092033,0.001837
channel,KHQ,4,Credit card,76220,140,3,0.021429,0.007314,0.061105,0.000039
channel,RED,1,Current account,6298,6298,5427,0.861702,0.852956,0.870008,0.861702
channel,RED,2,Direct debit,6298,5427,2590,0.477243,0.463975,0.490544,0.411242
channel,RED,3,Payroll package,6298,2590,866,0.334363,0.316451,0.352765,0.137504
channel,RED,4,Credit card,6298,866,146,0.168591,0.145132,0.194978,0.023182
channel,other,1,Current account,87349,87349,43826,0.501734,0.498419,0.505050,0.501734
channel,other,2,Direct debit,87349,43826,9356,0.213481,0.209669,0.217342,0.107111
channel,other,3,Payroll package,87349,9356,2024,0.216332,0.208106,0.224790,0.023171
channel,other,4,Credit card,87349,2024,833,0.411561,0.390309,0.433148,0.009536
channel,unknown,1,Current account,18329,18329,4424,0.241366,0.235226,0.247615,0.241366
channel,unknown,2,Direct debit,18329,4424,264,0.059675,0.053069,0.067044,0.014403
channel,unknown,3,Payroll package,18329,264,10,0.037879,0.020703,0.068310,0.000546
channel,unknown,4,Credit card,18329,10,0,0.000000,0.000000,0.277533,0.000000
