months_to_first_adoption,customers,share_of_adopters,cumulative_share,median_months,customers_observed
1,53041,0.330595,0.330595,3.000000,956645
2,19438,0.121154,0.451749,3.000000,956645
3,14428,0.089927,0.541676,3.000000,956645
4,9416,0.058688,0.600364,3.000000,956645
5,12888,0.080329,0.680693,3.000000,956645
6,7954,0.049576,0.730268,3.000000,956645
7,5852,0.036474,0.766743,3.000000,956645
8,5908,0.036824,0.803566,3.000000,956645
9,6134,0.038232,0.841799,3.000000,956645
10,5066,0.031575,0.873374,3.000000,956645
11,6204,0.038668,0.912042,3.000000,956645
12,3448,0.021491,0.933533,3.000000,956645
13,3301,0.020575,0.954108,3.000000,956645
14,2589,0.016137,0.970245,3.000000,956645
15,2393,0.014915,0.985160,3.000000,956645
16,2381,0.014840,1.000000,3.000000,956645
