join_month,cohort_size,months_since_join,retained,retention_rate,retention_rate_ci_lower,retention_rate_ci_upper
2015-01,4033,0,2175,0.539301,0.523887,0.554640
2015-01,4033,1,2787,0.691049,0.676612,0.705122
2015-01,4033,2,2837,0.703447,0.689162,0.717344
2015-01,4033,3,2824,0.700223,0.685898,0.714167
2015-01,4033,4,2759,0.684106,0.669590,0.698272
2015-01,4033,5,2728,0.676420,0.661819,0.690685
2015-01,4033,6,2719,0.674188,0.659563,0.688481
2015-01,4033,7,2709,0.671708,0.657058,0.686032
2015-01,4033,8,2684,0.665510,0.650797,0.679907
2015-01,4033,9,2672,0.662534,0.647792,0.676967
2015-01,4033,10,2668,0.661542,0.646791,0.675986
2015-01,4033,11,2666,0.661046,0.646290,0.675496
2015-01,4033,12,2663,0.660303,0.645539,0.674761
2015-01,4033,13,2653,0.657823,0.643037,0.672309
2015-01,4033,14,2643,0.655343,0.640534,0.669857
2015-01,4033,15,2635,0.653360,0.638533,0.667895
2015-01,4033,16,2622,0.650136,0.635281,0.664706
2015-02,4293,0,2506,0.583741,0.568927,0.598405
2015-02,4293,1,3145,0.732588,0.719144,0.745616
2015-02,4293,2,3186,0.742138,0.728840,0.755004
2015-02,4293,3,3162,0.736548,0.723164,0.749509
2015-02,4293,4,3078,0.716981,0.703317,0.730258
2015-02,4293,5,3020,0.703471,0.689631,0.716946
2015-02,4293,6,2979,0.693920,0.679966,0.707528
2015-02,4293,7,2957,0.688796,0.674783,0.702471
2015-02,4293,8,2935,0.683671,0.669601,0.697413
2015-02,4293,9,2917,0.679478,0.665363,0.693272
2015-02,4293,10,2919,0.679944,0.665834,0.693733
2015-02,4293,11,2906,0.676916,0.662774,0.690742
2015-02,4293,12,2888,0.672723,0.658538,0.686599
2015-02,4293,13,2877,0.670161,0.655950,0.684067
2015-02,4293,14,2873,0.669229,0.655009,0.683146
2015-02,4293,15,2862,0.666667,0.652422,0.680614
2015-03,3752,0,2176,0.579957,0.564091,0.595661
2015-03,3752,1,2710,0.722281,0.707729,0.736379
2015-03,3752,2,2775,0.739606,0.725323,0.753398
2015-03,3752,3,2765,0.736940,0.722615,0.750781
2015-03,3752,4,2734,0.728678,0.714222,0.742666
2015-03,3752,5,2716,0.723881,0.709352,0.737951
2015-03,3752,6,2691,0.717217,0.702591,0.731400
2015-03,3752,7,2657,0.708156,0.693402,0.722483
2015-03,3752,8,2644,0.704691,0.689891,0.719072
2015-03,3752,9,2630,0.700959,0.686110,0.715398
2015-03,3752,10,2619,0.698028,0.683141,0.712510
2015-03,3752,11,2620,0.698294,0.683411,0.712772
2015-03,3752,12,2620,0.698294,0.683411,0.712772
2015-03,3752,13,2614,0.696695,0.681791,0.711197
2015-03,3752,14,2602,0.693497,0.678553,0.708045
2015-04,3428,0,1894,0.552509,0.535814,0.569086
2015-04,3428,1,2505,0.730747,0.715646,0.745331
2015-04,3428,2,2577,0.751750,0.737012,0.765924
2015-04,3428,3,2563,0.747666,0.732854,0.761924
2015-04,3428,4,2530,0.738040,0.723060,0.752487
2015-04,3428,5,2502,0.729872,0.714756,0.744472
2015-04,3428,6,2474,0.721704,0.706459,0.736452
2015-04,3428,7,2468,0.719953,0.704682,0.734732
2015-04,3428,8,2452,0.715286,0.699945,0.730145
2015-04,3428,9,2452,0.715286,0.699945,0.730145
2015-04,3428,10,2438,0.711202,0.695801,0.726130
2015-04,3428,11,2429,0.708576,0.693138,0.723548
2015-04,3428,12,2422,0.706534,0.691067,0.721540
2015-04,3428,13,2403,0.700992,0.685448,0.716086
2015-05,3465,0,1983,0.572294,0.555750,0.588679
2015-05,3465,1,2525,0.728716,0.713664,0.743261
2015-05,3465,2,2559,0.738528,0.723638,0.752890
2015-05,3465,3,2532,0.730736,0.715717,0.745244
2015-05,3465,4,2465,0.711400,0.696085,0.726246
2015-05,3465,5,2444,0.705339,0.689939,0.720284
2015-05,3465,6,2414,0.696681,0.681164,0.711762
2015-05,3465,7,2407,0.694661,0.679118,0.709773
2015-05,3465,8,2418,0.697835,0.682334,0.712899
2015-05,3465,9,2406,0.694372,0.678825,0.709489
2015-05,3465,10,2389,0.689466,0.673857,0.704656
2015-05,3465,11,2387,0.688889,0.673272,0.704087
2015-05,3465,12,2383,0.687734,0.672104,0.702950
2015-06,3256,0,1866,0.573096,0.556030,0.589990
2015-06,3256,1,2462,0.756143,0.741097,0.770585
2015-06,3256,2,2495,0.766278,0.751433,0.780495
2015-06,3256,3,2483,0.762592,0.747673,0.776892
2015-06,3256,4,2408,0.739558,0.724207,0.754344
2015-06,3256,5,2382,0.731572,0.716085,0.746514
2015-06,3256,6,2378,0.730344,0.714836,0.745309
2015-06,3256,7,2367,0.726966,0.711402,0.741994
2015-06,3256,8,2356,0.723587,0.707969,0.738678
2015-06,3256,9,2352,0.722359,0.706721,0.737472
2015-06,3256,10,2341,0.718980,0.703290,0.734155
2015-06,3256,11,2339,0.718366,0.702666,0.733552
2015-07,16843,0,11394,0.676483,0.669378,0.683507
2015-07,16843,1,14334,0.851036,0.845579,0.856333
2015-07,16843,2,14356,0.852342,0.846904,0.857620
2015-07,16843,3,14256,0.846405,0.840881,0.851771
2015-07,16843,4,14109,0.837677,0.832032,0.843169
2015-07,16843,5,14036,0.833343,0.827639,0.838895
2015-07,16843,6,13973,0.829603,0.823850,0.835206
2015-07,16843,7,13898,0.825150,0.819340,0.830812
2015-07,16843,8,13846,0.822063,0.816213,0.827765
2015-07,16843,9,13803,0.819510,0.813629,0.825245
2015-07,16843,10,13776,0.817907,0.812006,0.823662
2015-08,14449,0,10740,0.743304,0.736118,0.750361
2015-08,14449,1,11733,0.812029,0.805576,0.818316
2015-08,14449,2,11698,0.809606,0.803123,0.815925
2015-08,14449,3,11652,0.806423,0.799899,0.812783
2015-08,14449,4,11561,0.800125,0.793525,0.806565
2015-08,14449,5,11510,0.796595,0.789953,0.803079
2015-08,14449,6,11434,0.791335,0.784632,0.797883
2015-08,14449,7,11396,0.788705,0.781973,0.795284
2015-08,14449,8,11352,0.785660,0.778893,0.792275
2015-08,14449,9,11301,0.782130,0.775325,0.788786
2015-09,23282,0,15817,0.679366,0.673342,0.685331
2015-09,23282,1,18182,0.780947,0.775588,0.786213
2015-09,23282,2,18112,0.777940,0.772556,0.783233
2015-09,23282,3,18058,0.775621,0.770217,0.780934
2015-09,23282,4,17978,0.772185,0.766752,0.777527
2015-09,23282,5,17934,0.770295,0.764847,0.775653
2015-09,23282,6,17909,0.769221,0.763765,0.774588
2015-09,23282,7,17865,0.767331,0.761860,0.772714
2015-09,23282,8,17835,0.766042,0.760561,0.771436
2015-10,28121,0,15944,0.566978,0.561178,0.572760
2015-10,28121,1,17521,0.623058,0.617377,0.628704
2015-10,28121,2,17589,0.625476,0.619802,0.631115
2015-10,28121,3,17609,0.626187,0.620515,0.631824
2015-10,28121,4,17506,0.622524,0.616842,0.628173
2015-10,28121,5,17485,0.621777,0.616093,0.627428
2015-10,28121,6,17480,0.621600,0.615915,0.627251
2015-10,28121,7,17438,0.620106,0.614417,0.625762
2015-11,15333,0,8260,0.538707,0.530808,0.546587
2015-11,15333,1,9583,0.624992,0.617299,0.632623
2015-11,15333,2,9644,0.628970,0.621292,0.636583
2015-11,15333,3,9603,0.626296,0.618608,0.633921
2015-11,15333,4,9565,0.623818,0.616120,0.631454
2015-11,15333,5,9541,0.622253,0.614549,0.629895
2015-11,15333,6,9514,0.620492,0.612782,0.628142
2015-12,7303,0,3198,0.437902,0.426559,0.449311
2015-12,7303,1,4074,0.557853,0.546435,0.569210
2015-12,7303,2,4151,0.568397,0.557004,0.579717
2015-12,7303,3,4156,0.569081,0.557690,0.580399
2015-12,7303,4,4138,0.566616,0.555219,0.577944
2015-12,7303,5,4115,0.563467,0.552062,0.574805
2016-01,7031,0,3760,0.534775,0.523100,0.546411
2016-01,7031,1,4822,0.685820,0.674871,0.696566
2016-01,7031,2,4812,0.684398,0.673436,0.695158
2016-01,7031,3,4789,0.681126,0.670137,0.691918
2016-01,7031,4,4752,0.675864,0.664830,0.686706
2016-02,6423,0,2493,0.388136,0.376289,0.400118
2016-02,6423,1,4072,0.633972,0.622114,0.645669
2016-02,6423,2,4079,0.635061,0.623211,0.646751
2016-02,6423,3,4043,0.629457,0.617572,0.641187
2016-03,5133,0,2273,0.442821,0.429280,0.456447
2016-03,5133,1,3156,0.614845,0.601451,0.628067
2016-03,5133,2,3189,0.621274,0.607918,0.634449
2016-04,4535,0,1776,0.391621,0.377512,0.405913
2016-04,4535,1,2682,0.591400,0.577022,0.605624
2016-05,4383,0,1653,0.377139,0.362904,0.391589
