dimension,group_value,month_label,customers,active,engagement_rate,engagement_rate_ci_lower,engagement_rate_ci_upper
month,2015-01,2015-01,625457,332617,0.531798,0.530562,0.533035
month,2015-02,2015-02,627394,335770,0.535182,0.533948,0.536416
month,2015-03,2015-03,629209,338773,0.538411,0.537179,0.539642
month,2015-04,2015-04,630367,341516,0.541773,0.540543,0.543003
month,2015-05,2015-05,631957,344597,0.545286,0.544058,0.546513
month,2015-06,2015-06,632110,347372,0.549544,0.548317,0.550770
month,2015-07,2015-07,829817,355961,0.428963,0.427899,0.430028
month,2015-08,2015-08,843201,362581,0.430005,0.428949,0.431062
month,2015-09,2015-09,865440,370928,0.428600,0.427558,0.429643
month,2015-10,2015-10,892251,377715,0.423328,0.422303,0.424354
month,2015-11,2015-11,906109,381744,0.421300,0.420284,0.422317
month,2015-12,2015-12,912021,384724,0.421837,0.420824,0.422851
month,2016-01,2016-01,916269,387782,0.423219,0.422207,0.424230
month,2016-02,2016-02,920904,389966,0.423460,0.422451,0.424469
month,2016-03,2016-03,925076,392937,0.424762,0.423755,0.425769
month,2016-04,2016-04,928274,394479,0.424960,0.423954,0.425966
month,2016-05,2016-05,931453,395723,0.424845,0.423841,0.425849
segment,01 - TOP,2016-05,35415,35027,0.989044,0.987906,0.990077
segment,02 - PARTICULARES,2016-05,542596,261573,0.482077,0.480747,0.483407
segment,03 - UNIVERSITARIO,2016-05,346417,97512,0.281487,0.279992,0.282987
segment,unknown,2016-05,7025,1611,0.229324,0.219643,0.239301
tenure_band,00-11 months,2016-05,128994,56021,0.434292,0.431589,0.436998
tenure_band,12-35 months,2016-05,218101,83840,0.384409,0.382370,0.386453
tenure_band,120+ months,2016-05,272808,141344,0.518108,0.516233,0.519983
tenure_band,36-119 months,2016-05,311547,114516,0.367572,0.365881,0.369267
tenure_band,unknown,2016-05,3,2,0.666667,0.207660,0.938508
products_held,0,2016-05,234914,1673,0.007122,0.006790,0.007470
products_held,1,2016-05,452986,170014,0.375318,0.373909,0.376730
products_held,2,2016-05,120532,101593,0.842872,0.840806,0.844915
products_held,3,2016-05,47813,47257,0.988371,0.987370,0.989294
products_held,4+,2016-05,75208,75186,0.999707,0.999557,0.999807
