pair,variant,run,seconds
01_events,baseline,1,2.823515
01_events,baseline,2,2.800245
01_events,baseline,3,2.715222
01_events,baseline,4,2.796888
01_events,baseline,5,2.921027
01_events,candidate,1,5.775920
01_events,candidate,2,6.179753
01_events,candidate,3,5.937682
01_events,candidate,4,5.388240
01_events,candidate,5,5.486437
02_scan,baseline,1,26.052862
02_scan,baseline,2,36.607930
02_scan,baseline,3,47.582346
02_scan,baseline,4,49.499863
02_scan,baseline,5,71.033048
02_scan,candidate,1,0.035372
02_scan,candidate,2,0.034330
02_scan,candidate,3,0.032793
02_scan,candidate,4,0.034065
02_scan,candidate,5,0.030548
03_summary,build,1,5.408121
03_summary,build,2,5.540668
03_summary,build,3,5.900997
03_summary,build,4,6.380102
03_summary,build,5,5.938478
03_summary,baseline,1,6.762535
03_summary,baseline,2,6.661576
03_summary,baseline,3,7.263778
03_summary,baseline,4,6.735344
03_summary,baseline,5,6.469732
03_summary,candidate,1,0.010298
03_summary,candidate,2,0.009916
03_summary,candidate,3,0.009872
03_summary,candidate,4,0.010814
03_summary,candidate,5,0.011153
04_running_total,baseline,1,46.089444
04_running_total,baseline,2,69.836374
04_running_total,baseline,3,42.028674
04_running_total,baseline,4,42.822220
04_running_total,baseline,5,44.883828
04_running_total,candidate,1,5.041504
04_running_total,candidate,2,4.825838
04_running_total,candidate,3,4.716489
04_running_total,candidate,4,5.795290
04_running_total,candidate,5,5.177818
